Trial,Endowment,Choice,Decision,More_Prop,Less_Prop
1,16,8,1,0.5,0.25
3,32,16,1,0.5,0.0625
15,32,16,1,0.5,0.09375
24,32,8,1,0.25,0.0625
26,32,16,1,0.5,0.0625
28,16,4,1,0.25,0.0625
30,32,16,1,0.5,0.0625
33,16,8,1,0.5,0.125
34,16,2,1,0.125,0.0625
2,16,8,1,0.5,0.0625
3,16,2,1,0.125,0.0625
4,32,16,1,0.5,0.25
9,32,8,1,0.25,0.0625
11,16,8,1,0.5,0.125
15,16,8,1,0.5,0.125
18,32,3,1,0.09375,0.0625
34,32,16,1,0.5,0.09375
35,16,8,1,0.5,0.0625
36,16,8,1,0.5,0.0625
