Trial,Endowment,Choice,Decision,More_Prop,Less_Prop
1,16,4,0,0.5,0.25
5,16,1,0,0.125,0.0625
6,16,1,0,0.125,0.0625
8,16,1,0,0.25,0.0625
10,32,3,1,0.09375,0.0625
12,16,4,1,0.25,0.125
13,32,8,1,0.25,0.0625
28,16,4,1,0.25,0.0625
33,32,16,1,0.5,0.25
34,32,3,0,0.25,0.09375
3,32,16,1,0.5,0.09375
5,16,2,0,0.25,0.125
6,16,4,1,0.25,0.0625
12,32,8,1,0.25,0.09375
16,16,8,1,0.5,0.25
19,16,8,1,0.5,0.0625
26,16,2,0,0.25,0.125
30,32,16,1,0.5,0.25
36,32,2,0,0.09375,0.0625
