Trial,Endowment,Choice,Decision,More_Prop,Less_Prop
2,16,2,0,0.25,0.125
5,32,3,0,0.5,0.09375
20,32,3,0,0.5,0.09375
21,32,8,0,0.5,0.25
26,16,1,0,0.25,0.0625
32,32,2,0,0.09375,0.0625
36,32,2,0,0.5,0.0625
2,32,3,0,0.5,0.09375
4,32,3,0,0.25,0.09375
6,32,8,0,0.5,0.25
7,32,2,0,0.09375,0.0625
8,32,8,0,0.5,0.25
15,32,2,0,0.5,0.0625
17,16,1,0,0.5,0.0625
25,16,1,0,0.125,0.0625
31,32,2,0,0.25,0.0625
