Trial,Endowment,Choice,Decision,More_Prop,Less_Prop
6,32,8,0,0.5,0.25
9,32,3,0,0.25,0.09375
12,32,2,0,0.25,0.0625
15,16,1,0,0.5,0.0625
18,16,4,0,0.5,0.25
24,16,1,0,0.25,0.0625
25,16,4,0,0.5,0.25
27,32,3,0,0.25,0.09375
29,16,2,0,0.5,0.125
