Trial,Endowment,Choice,Decision,More_Prop,Less_Prop
2,16,1,0,0.5,0.0625
3,16,1,0,0.25,0.0625
5,32,16,1,0.5,0.25
11,32,2,0,0.09375,0.0625
12,32,8,1,0.25,0.0625
27,32,16,1,0.5,0.09375
33,32,16,1,0.5,0.25
12,16,4,1,0.25,0.0625
18,32,2,0,0.09375,0.0625
21,32,16,1,0.5,0.09375
22,16,4,1,0.25,0.0625
23,16,2,1,0.125,0.0625
24,16,8,1,0.5,0.0625
32,32,16,1,0.5,0.25
33,16,8,1,0.5,0.0625
