Trial,Block,Endowment,Earned,Choice,Offer,Prop_Endowment
1,3,16,0,0,1,0.0625
2,2,32,0,0,3,0.09375
5,2,16,0,0,1,0.0625
6,3,16,0,0,2,0.125
7,2,32,0,0,2,0.0625
9,3,32,0,0,8,0.25
13,3,32,0,0,2,0.0625
14,3,16,0,0,8,0.5
16,2,32,0,0,16,0.5
20,3,32,0,0,3,0.09375
21,2,32,0,0,3,0.09375
22,3,16,0,0,8,0.5
24,2,32,0,0,3,0.09375
27,2,32,0,0,3,0.09375
29,2,32,0,0,16,0.5
32,2,32,0,0,8,0.25
34,2,16,0,0,2,0.125
35,2,16,0,0,1,0.0625
44,3,32,0,0,3,0.09375
47,3,32,0,0,8,0.25
